{"cameraMode":{"drawMode":0,"name":"Shaded","section":"Shading Mode"},"sceneLighting":false,"audioPlay":false,"sceneViewState":{"m_AlwaysRefresh":false,"showFog":true,"showSkybox":false,"showFlares":true,"showImageEffects":true,"showParticleSystems":true,"showVisualEffectGraphs":true,"m_FxEnabled":true},"in2DMode":false,"pivot":{"x":0.05157484859228134,"y":-0.008226368576288224,"z":0.012463852763175965},"rotation":{"x":-0.14738896489143372,"y":0.10718699544668198,"z":-0.01606833189725876,"w":-0.9831313490867615},"size":0.11524708569049835,"orthographic":false}